ID,variant_id,section,activity_class,activity_max,pH74_max,pH60_max,ce_pH60_avg,ce_pH74_avg,ce_ratio,d1_pH60_avg,d1_pH74_avg,d1_ratio,n_mutations,his_mutations,r4_rank,r4_track,r4_mutations_unified,model_score,log_pH74_pred,log_pH6_pred,delta_delta,dddG_elec,delta_rmsf_h3,delta_n_hbond,delta_buried_sasa,delta_n_contacts
512hs121,v04,S1_MPNN_R2,background,0.016666666666666666,0.016666666666666666,0.012333333333333333,0.005666666666666667,0.015,2.6470588235294117,0.012333333333333333,0.016666666666666666,1.3513513513513513,46,IA51H; AA61H; DA99H; VA105H; DA110H,,,,,,,,,,,,
512hs122,v05,S1_MPNN_R2,missing,,,,,,,,,,50,SA30H; IA51H; NA52H; AA61H; DA99H; DA110H,,,,,,,,,,,,
512hs123,v03,S1_MPNN_R2,background,0.02,0.02,0.011000000000000001,0.0013333333333333333,0.013999999999999999,10.5,0.011000000000000001,0.02,1.8181818181818181,50,IA51H; NA52H; AA61H; DA99H; DA110H,,,,,,,,,,,,
512hs124,v14,S1_MPNN_R2,background,0.009333333333333332,0.009333333333333332,0.003666666666666667,0.0023333333333333335,0.009,3.8571428571428563,0.003666666666666667,0.009333333333333332,2.545454545454545,51,IA51H; AA61H; DA99H; VA105H; GA109H; DA110H,,,,,,,,,,,,
512hs125,v09,S1_MPNN_R2,background,0.011999999999999999,0.011999999999999999,0.005333333333333333,0.0036666666666666666,0.011999999999999999,3.2727272727272725,0.005333333333333333,0.01,1.875,50,SA30H; NA52H; DA99H; DA110H,,,,,,,,,,,,
512hs126,v04_minimal,S1_MPNN_R2,background,0.013666666666666666,0.013666666666666666,0.007,0.007,0.013666666666666666,1.952380952380952,0.0033333333333333335,0.010666666666666666,3.1999999999999997,21,IA51H; AA61H; DA99H; VA105H; DA110H,,,,,,,,,,,,
512hs127,v05_minimal,S1_MPNN_R2,background,0.008,0.008,0.0016666666666666668,0.001,0.008,8.0,0.0016666666666666668,0.007666666666666666,4.6,23,IA51H; NA52H; AA61H; DA99H; DA110H,,,,,,,,,,,,
512hs128,v03_minimal,S1_MPNN_R2,background,0.004666666666666667,0.004666666666666667,0.0026666666666666666,0.0026666666666666666,0.004666666666666667,1.7500000000000002,0.001,0.001,1.0,22,IA51H; NA52H; AA61H; DA99H; DA110H,,,,,,,,,,,,
512hs129,v14_minimal,S1_MPNN_R2,background,0.013999999999999999,0.013999999999999999,0.009000000000000001,0.0033333333333333335,0.013999999999999999,4.199999999999999,0.009000000000000001,0.012666666666666666,1.4074074074074072,25,IA51H; AA61H; DA99H; VA105H; GA109H; DA110H,,,,,,,,,,,,
512hs130,v09_minimal,S1_MPNN_R2,background,0.024999999999999998,0.024999999999999998,0.011000000000000001,0.011000000000000001,0.024999999999999998,2.2727272727272725,0.006333333333333334,0.008,1.263157894736842,23,NA52H; DA99H; DA110H,,,,,,,,,,,,
512hs131,v04_Y37,S1_MPNN_R2,background,0.01966666666666667,0.01966666666666667,0.009666666666666667,0.009666666666666667,0.01966666666666667,2.03448275862069,0.008,0.014666666666666666,1.8333333333333333,46,IA51H; AA61H; DA99H; VA105H; DA110H,,,,,,,,,,,,
512hs132,v14_Y37,S1_MPNN_R2,background,0.016,0.016,0.006999999999999999,0.006999999999999999,0.016,2.285714285714286,0.006666666666666667,0.010999999999999998,1.6499999999999995,51,IA51H; AA61H; DA99H; VA105H; GA109H; DA110H,,,,,,,,,,,,
512hs133,r4_04,S2_R4_CDR_only,background,0.06233333333333333,0.06233333333333333,0.008666666666666668,0.008666666666666668,0.06233333333333333,7.192307692307691,0.007666666666666666,0.011666666666666667,1.5217391304347827,4,GA53H; GA55H; QA100H; VA105H,1,A,HG53H;HG55H;HQ100H;HV105H,2.122007259932403,1.6249441093588928,-0.4970631505735102,-0.0082299999999997,5.684341886080804e-14,32.55540191086524,-3.5708582834331333,-728.7193003035736,-98.87824351297408
512hs134,r4_01,S2_R4_CDR_only,background,0.050666666666666665,0.050666666666666665,0.007666666666666666,0.007666666666666666,0.050666666666666665,6.608695652173913,0.006999999999999999,0.012666666666666666,1.8095238095238098,4,GA55H; GA56H; QA100H; VA105H,2,A,HG55H;HG56H;HQ100H;HV105H,2.149452979068825,1.6509917471902529,-0.498461231878572,0.0341800000000001,3.979039320256561e-13,16.626943331847258,-4.548902195608783,-855.2219018781562,-125.8502994011976
512hs135,r4_09,S2_R4_CDR_only,strong,1.764,1.764,1.6966666666666665,1.3426666666666665,1.764,1.3138033763654422,1.6966666666666665,1.4173333333333333,0.8353634577603144,4,TA28H; QA100H; GA102H; DA110H,3,B,HT28H;HQ100H;HG102H;HD110H,0.7740643172322916,1.0416304752976009,0.0517892628909016,0.1070999999999999,0.9343999899557502,8.438907388786692,-1.2075848303393215,-760.2260221620671,-86.4630738522954
512hs136,r4_07,S2_R4_CDR_only,background,0.004,0.004,0.0036666666666666666,0.0036666666666666666,0.0036666666666666666,1.0,0.0016666666666666668,0.004,2.4,4,GA55H; QA100H; GA102H; VA105H,4,A,HG55H;HQ100H;HG102H;HV105H,2.01525806574906,2.163124028716117,0.1478659629670566,0.0072,-0.823949353168473,8.129139913777571,-0.333333333333333,-804.854166031317,-96.34331337325352
512hs137,r4_06,S2_R4_CDR_only,background,0.012666666666666666,0.012666666666666666,0.007333333333333333,0.0033333333333333335,0.006666666666666667,2.0,0.007333333333333333,0.012666666666666666,1.7272727272727273,4,GA55H; SA57H; QA100H; VA105H,5,A,HG55H;HS57H;HQ100H;HV105H,2.057100873615712,1.59788038478025,-0.4592204888354621,0.0004400000000002,5.684341886080804e-14,12.203398475185416,-2.359281437125749,-658.6496922984879,-38.01197604790417
512hs138,r4_02,S2_R4_CDR_only,background,0.015666666666666666,0.015666666666666666,0.008333333333333333,0.008333333333333333,0.015666666666666666,1.88,0.006000000000000001,0.011333333333333334,1.8888888888888886,4,NA54H; GA55H; QA100H; VA105H,6,A,HN54H;HG55H;HQ100H;HV105H,2.142343888144046,1.7145464479960055,-0.4277974401480408,0.0100999999999999,-0.1203567064073922,22.16766059453394,1.4251497005988023,-603.8178660678647,-46.32534930139721
512hs139,r4_08,S2_R4_CDR_only,background,0.017666666666666667,0.017666666666666667,0.008,0.006333333333333333,0.014333333333333332,2.263157894736842,0.008,0.017666666666666667,2.2083333333333335,4,YA32H; GA55H; QA100H; VA105H,7,A,HY32H;HG55H;HQ100H;HV105H,1.940091117603364,1.6249441093588928,-0.3151470082444712,-0.0055899999999997,0.1047282420934152,10.121419037123886,-0.427145708582834,-409.2517748430457,-52.84630738522954
512hs140,r4_15,S2_R4_CDR_only,weak,0.391,0.391,0.3673333333333333,0.3016666666666667,0.391,1.2961325966850827,0.3673333333333333,0.285,0.7758620689655172,4,SA31H; QA100H; GA102H; DA110H,8,B,HS31H;HQ100H;HG102H;HD110H,0.6605086029005732,1.0160863864051448,0.1142567994377082,0.1357599999999998,0.8239493531685866,7.640427021650908,-0.3493013972055885,-274.85994577636484,-48.271457085828345
512hs141,r4_13,S2_R4_CDR_only,weak,0.36733333333333335,0.19333333333333333,0.36733333333333335,0.26266666666666666,0.18066666666666667,0.6878172588832487,0.36733333333333335,0.19333333333333333,0.5263157894736842,4,TA28H; NA54H; GA102H; DA110H,9,B,HT28H;HN54H;HG102H;HD110H,0.678379607007635,1.0975188487392549,0.2592507199988666,0.1817700000000002,-2.273736754432321e-13,5.544836307702671,0.9081836327345308,-280.53184261262004,-42.1437125748503
512hs142,r4_14,S2_R4_CDR_only,weak,0.9623333333333334,0.9623333333333334,0.851,0.4686666666666666,0.6766666666666667,1.4438122332859178,0.851,0.9623333333333334,1.1308264786525657,4,RA27H; NA54H; GA102H; DA110H,10,B,HR27H;HN54H;HG102H;HD110H,0.6606472583949877,1.1092975650956212,0.3005405013242465,0.1007500000000001,1.1368683772161605e-13,0.417170885490485,1.3552894211576851,16.801022145103843,-5.479041916167674
512hs143,sdab_r3_A1,S3_R3_FR_His,background,0.009,0.009,0.0013333333333333333,0.001,0.006666666666666667,6.666666666666667,0.0013333333333333333,0.009,6.75,6,I51H; N52H; G55H; A61H; I70H; R72H,,,,,,,,,,,,
512hs144,sdab_r3_A2,S3_R3_FR_His,background,0.022000000000000002,0.011666666666666667,0.022000000000000002,0.022000000000000002,0.011666666666666667,0.5303030303030303,0.005,0.005666666666666667,1.1333333333333333,6,F29H; S30H; A61H; N74H; N77H; D110H,,,,,,,,,,,,
512hs145,sdab_r3_A3,S3_R3_FR_His,background,0.013666666666666666,0.013666666666666666,0.011333333333333334,0.005333333333333333,0.011666666666666665,2.1875,0.011333333333333334,0.013666666666666666,1.2058823529411762,7,A61H; R72H; Y94H; D99H; E108H; G109H; D110H,,,,,,,,,,,,
512hs146,sdab_r3_A4,S3_R3_FR_His,background,0.014666666666666666,0.014666666666666666,0.008,0.006999999999999999,0.014666666666666666,2.0952380952380953,0.008,0.014333333333333332,1.7916666666666665,7,I51H; N52H; A61H; F68H; T69H; I70H; D110H,,,,,,,,,,,,
512hs147,sdab_r3_A5,S3_R3_FR_His,background,0.02266666666666667,0.02266666666666667,0.01333333333333333,0.009666666666666665,0.014666666666666666,1.517241379310345,0.01333333333333333,0.02266666666666667,1.7000000000000004,6,A61H; V93H; Y94H; D99H; V105H; D110H,,,,,,,,,,,,
512hs148,sdab_r3_B1,S3_R3_FR_His,background,0.015333333333333332,0.015333333333333332,0.008666666666666666,0.008,0.015333333333333332,1.9166666666666665,0.008666666666666666,0.015,1.7307692307692308,10,I51H; N52H; G55H; A61H; R72H,,,,,,,,,,,,
512hs149,sdab_r3_B2,S3_R3_FR_His,background,0.012666666666666666,0.012666666666666666,0.006666666666666667,0.005666666666666667,0.011999999999999999,2.117647058823529,0.006666666666666667,0.012666666666666666,1.9,11,F29H; S30H; A61H; N74H; N77H; D110H,,,,,,,,,,,,
512hs150,sdab_r3_B3,S3_R3_FR_His,background,0.013333333333333334,0.013333333333333334,0.009333333333333334,0.006333333333333333,0.013333333333333334,2.105263157894737,0.009333333333333334,0.013,1.3928571428571426,13,I51H; N52H; A61H; I70H; R72H; N74H; D99H; D110H,,,,,,,,,,,,
512hs151,sdab_r3_B4,S3_R3_FR_His,background,0.013999999999999999,0.013999999999999999,0.004666666666666667,0.004666666666666667,0.011666666666666667,2.5,0.0036666666666666666,0.013999999999999999,3.818181818181818,11,A61H; V93H; Y94H; D99H; V105H; D110H,,,,,,,,,,,,
512hs152,sdab_r3_B5,S3_R3_FR_His,background,0.01,0.01,0.004333333333333334,0.004333333333333334,0.006666666666666667,1.5384615384615383,0.0030000000000000005,0.01,3.333333333333333,15,F29H; I51H; N52H; A61H; I70H; R72H; N74H; Y94H; D99H; D110H,,,,,,,,,,,,
