pdb_name,status,mutation,rosetta_idx,res_before,res_after,replace_ok,dddG_elec,ddG_elec_pH7,ddG_elec_pH5,delta_E_complex,n_his_total,error
A_A16H.pdb,success,A_16H,16,HIS,HIS,False,0.592878835525255,-12.471726161869867,-11.878847326344612,15.075668792489068,4,
A_A24H.pdb,success,A_24H,24,HIS,HIS,False,0.5928788355259371,-12.471726161870492,-11.878847326344555,-1.7236480524684339,4,
A_A40H.pdb,success,A_40H,40,HIS,HIS,False,-0.48955688449558465,-12.471726161870606,-12.96128304636619,-4.3829989568374685,4,
A_A50H.pdb,success,A_50H,50,HIS,HIS,False,0.9404022471884446,-12.427336715373485,-11.48693446818504,-13.669520757234295,4,
A_A76H.pdb,success,A_76H,76,HIS,HIS,False,0.7141396753783624,-13.675422721744042,-12.96128304636568,-8.48974562108367,4,
A_A79H.pdb,success,A_79H,79,HIS,HIS,False,0.7141396753794425,-13.675422721744496,-12.961283046365054,-6.919806799885805,4,
A_A92H.pdb,success,A_92H,92,HIS,HIS,False,0.5928788355263919,-12.471726161870151,-11.87884732634376,6.321218148166054,4,
A_A9H.pdb,success,A_9H,9,HIS,HIS,False,0.5928788355257097,-12.471726161870606,-11.878847326344896,1.0509541383047463,4,
A_C22H.pdb,success,A_22H,22,HIS,HIS,False,0.7141396753787035,-13.675422721744269,-12.961283046365565,1.284885578101921,4,
A_C96H.pdb,success,A_96H,96,HIS,HIS,False,1.835100872587816,-13.675422721743246,-11.84032184915543,11.459477373810387,4,
A_D108H.pdb,success,A_108H,108,HIS,HIS,False,-0.489556884494732,-12.471726161871516,-12.961283046366248,-0.868667617492747,4,
A_D57H.pdb,success,A_57H,57,HIS,HIS,False,0.8354005152304467,-11.017692081198561,-10.182291565968114,-6.354998118957383,4,
A_D73H.pdb,success,A_73H,73,HIS,HIS,False,1.7965753953989179,-13.675422721743757,-11.87884732634484,2.185558211353282,4,
A_D90H.pdb,success,A_90H,90,HIS,HIS,False,-0.4731513841236392,-12.592987001723145,-13.066138385846784,-15.068035440415997,4,
A_E10H.pdb,success,A_10H,10,HIS,HIS,False,0.6111947209108166,-12.554461524532883,-11.943266803622066,3.706061573934562,4,
A_E46H.pdb,success,A_46H,46,HIS,HIS,False,0.6092843358964615,-12.592987001723031,-11.98370266582657,-12.429052308843552,4,
A_E82H.pdb,success,A_82H,82,HIS,HIS,False,0.7968750380401843,-12.554461524532996,-11.757586486492812,12.719068051515933,4,
A_E89H.pdb,success,A_89H,89,HIS,HIS,False,1.8351008725891234,-13.675422721743075,-11.840321849153952,4.393191593119923,4,
A_F107H.pdb,success,A_107H,107,HIS,HIS,False,0.8354005152315267,-12.598959380258407,-11.76355886502688,-8.012803431527459,4,
A_F29H.pdb,success,A_29H,29,HIS,HIS,False,0.754575537582582,-12.697842341205615,-11.943266803623033,2.9180396188163513,4,
A_F59H.pdb,success,A_59H,59,HIS,HIS,False,0.5928788355265624,-12.891639667554614,-12.298760832028051,-7.345351424070145,4,
A_F64H.pdb,success,A_64H,64,HIS,HIS,False,1.7965753953996,-13.675422721744155,-11.878847326344555,-12.232592039218048,4,
A_G102H.pdb,success,A_102H,102,HIS,HIS,False,3.4950478460456793,-15.413933476675766,-11.918885630630086,8.521040238069531,4,
A_G111H.pdb,success,A_111H,111,HIS,HIS,False,1.7321559181216912,-13.675422721744212,-11.943266803622521,-11.06525308357925,4,
A_G113H.pdb,success,A_113H,113,HIS,HIS,False,0.8354005152303898,-12.592987001722122,-11.757586486491732,3.809624584412859,4,
A_G15H.pdb,success,A_15H,15,HIS,HIS,False,0.7785591526568965,-12.657406479001338,-11.878847326344442,-9.958070474211354,4,
A_G26H.pdb,success,A_26H,26,HIS,HIS,False,-0.36829604464367094,-12.59298700172252,-12.96128304636619,14.85708707945787,4,
A_G42H.pdb,success,A_42H,42,HIS,HIS,False,0.7141396753764866,-12.471726161869412,-11.757586486492926,6.8170381379343326,4,
A_G49H.pdb,success,A_49H,49,HIS,HIS,False,0.6756141981884412,-12.554461524533394,-11.878847326344953,1.1671779593904148,4,
A_G54H.pdb,success,A_54H,54,HIS,HIS,False,1.7965753953989747,-12.471743795499151,-10.675168400100176,0.6464174755457179,4,
A_G66H.pdb,success,A_66H,66,HIS,HIS,False,-0.48955688449547097,-12.471726161870436,-12.961283046365907,-2.1490647919461026,4,
A_G8H.pdb,success,A_8H,8,HIS,HIS,False,0.7526651525679995,-12.592987001722747,-11.840321849154748,2.9462682631385633,4,
A_G99H.pdb,success,A_99H,99,HIS,HIS,False,0.7968750380416054,-12.204750604080346,-11.40787556603874,-12.904414541208894,4,
A_I51H.pdb,success,A_51H,51,HIS,HIS,False,1.9178362352503768,-13.67542272174353,-11.757586486493153,7.802875533327551,4,
A_I70H.pdb,success,A_70H,70,HIS,HIS,False,0.8189950148594107,-13.780278061225772,-12.961283046366361,11.448750973616711,4,
A_K12H.pdb,success,A_12H,12,HIS,HIS,False,-0.3682960446435004,-12.592987001722122,-12.961283046365622,-3.498455450987194,4,
A_K13H.pdb,success,A_13H,13,HIS,HIS,False,0.7968750380414349,-12.554461524533565,-11.75758648649213,-11.662935067178182,4,
A_K19H.pdb,success,A_19H,19,HIS,HIS,False,1.8351008725891802,-13.67542272174461,-11.84032184915543,1.2688330609919376,4,
A_K23H.pdb,success,A_23H,23,HIS,HIS,False,0.7141396753775666,-12.59298700172252,-11.878847326344953,9.198825645816783,4,
A_K63H.pdb,success,A_63H,63,HIS,HIS,False,0.8354005152305035,-12.592987001722747,-11.757586486492244,5.941366560506708,4,
A_K65H.pdb,success,A_65H,65,HIS,HIS,False,0.7141396753783624,-12.592987001723145,-11.878847326344783,3.080002062114204,4,
A_L45H.pdb,success,A_45H,45,HIS,HIS,False,1.835100872589578,-13.67542272174444,-11.840321849154861,-12.279265154476093,4,
A_L4H.pdb,success,A_4H,4,HIS,HIS,False,0.714139675377794,-12.592987001722236,-11.878847326344442,-1.134272720279796,4,
A_L83H.pdb,success,A_83H,83,HIS,HIS,False,1.7965753953986336,-13.675422721743587,-11.878847326344953,13.602840620684105,4,
A_L86H.pdb,success,A_86H,86,HIS,HIS,False,0.7141396753782487,-12.592987001723031,-11.878847326344783,4.752185280486856,4,
A_M115H.pdb,success,A_115H,115,HIS,HIS,False,0.7141396753782487,-12.59298700172252,-11.878847326344271,1.586067711094529,4,
A_M34H.pdb,success,A_34H,34,HIS,HIS,False,1.8351008725887255,-13.67542272174336,-11.840321849154634,3.261975261857174,4,
A_M48H.pdb,success,A_48H,48,HIS,HIS,False,-0.48955688449439094,-12.471726161870833,-12.961283046365224,-21.193290615850515,4,
A_M81H.pdb,success,A_81H,81,HIS,HIS,False,0.7141396753792719,-12.59298700172377,-11.878847326344498,5.7523113340866985,4,
A_N100H.pdb,success,A_100H,100,HIS,HIS,False,0.7141396753792719,-12.592987001723543,-11.878847326344271,-8.522679496326646,4,
A_N55H.pdb,success,A_55H,55,HIS,HIS,False,-0.5502433401134113,-12.385244942494865,-12.935488282608276,-8.853161565465143,4,
A_P14H.pdb,success,A_14H,14,HIS,HIS,False,0.7141396753763729,-13.675422721743189,-12.961283046366816,9.036136544851388,4,
A_P41H.pdb,success,A_41H,41,HIS,HIS,False,0.5284593582475736,-12.471726161870663,-11.94326680362309,12.888159071744894,4,
A_P53H.pdb,success,A_53H,53,HIS,HIS,False,0.7141396753787035,-12.592987001722861,-11.878847326344157,0.18855105945942796,4,
A_Q112H.pdb,success,A_112H,112,HIS,HIS,False,1.7965753953990884,-13.675422721743928,-11.87884732634484,0.547435900365258,4,
A_Q1H.pdb,success,A_1H,1,HIS,HIS,False,0.12034094315839639,-12.592987001722463,-12.472646058564067,-0.4235286190344141,4,
A_Q39H.pdb,success,A_39H,39,HIS,HIS,False,0.8998199925086965,-12.657406479000883,-11.757586486492187,2.0652151736869655,4,
A_Q3H.pdb,success,A_3H,3,HIS,HIS,False,0.7141396753779077,-12.592987001723145,-11.878847326345237,-2.0244142162401886,4,
A_Q43H.pdb,success,A_43H,43,HIS,HIS,False,1.7965753953988042,-13.675422721744212,-11.878847326345408,3.950413004288862,4,
A_Q62H.pdb,success,A_62H,62,HIS,HIS,False,1.91783623525032,-13.67542272174336,-11.75758648649304,15.311595473575494,4,
A_Q67H.pdb,success,A_67H,67,HIS,HIS,False,0.8998199925085828,-12.657406479000826,-11.757586486492244,-3.5330844080162933,4,
A_Q6H.pdb,success,A_6H,6,HIS,HIS,False,-0.5116768613128784,-12.554461524534247,-13.066138385847125,-13.314364251594952,4,
A_R103H.pdb,success,A_103H,103,HIS,HIS,False,0.5928788355258234,-12.471726161870663,-11.87884732634484,4.409713866185825,4,
A_R38H.pdb,success,A_38H,38,HIS,HIS,False,-0.36829604464224985,-12.592987001722975,-12.961283046365224,2.933981105122939,4,
A_R44H.pdb,success,A_44H,44,HIS,HIS,False,1.796575395399941,-13.675422721744326,-11.878847326344385,-8.281397208128851,4,
A_R72H.pdb,success,A_72H,72,HIS,HIS,False,0.5928788355263919,-12.471726161871288,-11.878847326344896,-0.23373436252427382,4,
A_R87H.pdb,success,A_87H,87,HIS,HIS,False,0.8354005152303898,-12.592987001723088,-11.757586486492698,0.6056999946033557,4,
A_R98H.pdb,success,A_98H,98,HIS,HIS,False,-0.36835551476059436,-12.592987001723031,-12.961342516483626,0.14457833757091976,4,
A_S106H.pdb,success,A_106H,106,HIS,HIS,False,-0.36829604464236354,-12.59298700172235,-12.961283046364713,-4.585132824521224,4,
A_S119H.pdb,success,A_119H,119,HIS,HIS,False,0.7141396753775098,-13.675422721743416,-12.961283046365907,16.701905342448754,4,
A_S120H.pdb,success,A_120H,120,HIS,HIS,False,1.1440501391185762,-13.675422721743985,-12.531372582625409,13.156753202318896,4,
A_S17H.pdb,success,A_17H,17,HIS,HIS,False,0.8354005152309583,-12.592987001723259,-11.7575864864923,1.808596431414344,4,
A_S21H.pdb,success,A_21H,21,HIS,HIS,False,-0.3682960446428183,-12.592987001722804,-12.961283046365622,-5.118189282866297,4,
A_S25H.pdb,success,A_25H,25,HIS,HIS,False,0.7141396753782487,-12.47172616187055,-11.7575864864923,2.370762263717097,4,
A_S31H.pdb,success,A_31H,31,HIS,HIS,False,-0.48955688449507306,-12.486966961528424,-12.976523846023497,4.408816797759414,4,
A_S56H.pdb,success,A_56H,56,HIS,HIS,False,1.9178362352514,-13.675422721744326,-11.757586486492926,0.5404080503861906,4,
A_S61H.pdb,success,A_61H,61,HIS,HIS,False,-0.36829604464367094,-12.59298700172252,-12.96128304636619,8.802714807437383,4,
A_S75H.pdb,success,A_75H,75,HIS,HIS,False,-0.3682960446420225,-12.592987001723202,-12.961283046365224,-9.94625098183758,4,
A_S77H.pdb,success,A_77H,77,HIS,HIS,False,1.9178362352516274,-13.67542272174336,-11.757586486491732,1.425668314028826,4,
A_S7H.pdb,success,A_7H,7,HIS,HIS,False,0.752665152567829,-12.592987001722975,-11.840321849155146,-2.8516518716711516,4,
A_S84H.pdb,success,A_84H,84,HIS,HIS,False,0.592878835525255,-12.471726161869583,-11.878847326344328,-6.73638053461616,4,
A_S85H.pdb,success,A_85H,85,HIS,HIS,False,0.7141396753789877,-12.471726161870947,-11.75758648649196,3.7643732802977183,4,
A_S88H.pdb,success,A_88H,88,HIS,HIS,False,0.714139675378533,-12.471726161870436,-11.757586486491903,2.620723736201171,4,
A_T114H.pdb,success,A_114H,114,HIS,HIS,False,0.7141396753786466,-12.59298700172343,-11.878847326344783,-12.778144984750156,4,
A_T117H.pdb,success,A_117H,117,HIS,HIS,False,0.7141396753787603,-12.592987001723145,-11.878847326344385,-7.579485656594443,4,
A_T28H.pdb,success,A_28H,28,HIS,HIS,False,0.714139675378135,-12.471726161870492,-11.757586486492357,12.689304046383313,4,
A_T30H.pdb,success,A_30H,30,HIS,HIS,False,0.8354005152294235,-12.610012005464853,-11.77461149023543,9.012432341716703,4,
A_T58H.pdb,success,A_58H,58,HIS,HIS,False,0.7526651525677721,-12.592987001662038,-11.840321849094266,3.793285230575748,4,
A_T69H.pdb,success,A_69H,69,HIS,HIS,False,0.7141396753789877,-12.47172616187072,-11.757586486491732,-10.276308221260933,4,
A_T71H.pdb,success,A_71H,71,HIS,HIS,False,-0.3038765673641137,-12.65740647900094,-12.961283046365054,-19.945055958497164,4,
A_T74H.pdb,success,A_74H,74,HIS,HIS,False,0.835400515230674,-12.59298700172235,-11.757586486491675,1.4117594003530485,4,
A_T78H.pdb,success,A_78H,78,HIS,HIS,False,0.7141396753780214,-12.592987001723259,-11.878847326345237,-0.8767990492422086,4,
A_T91H.pdb,success,A_91H,91,HIS,HIS,False,1.7965753953994295,-13.675422721744553,-11.878847326345124,3.963721091598586,4,
A_T97H.pdb,success,A_97H,97,HIS,HIS,False,0.7141396753793856,-12.554461524533963,-11.840321849154577,-3.047922382653155,4,
A_V109H.pdb,success,A_109H,109,HIS,HIS,False,0.6497201981004537,-12.592987001722634,-11.94326680362218,7.4742884552932765,4,
A_V116H.pdb,success,A_116H,116,HIS,HIS,False,0.5928788355264487,-12.47172616187106,-11.878847326344612,-1.9839984170969274,4,
A_V118H.pdb,success,A_118H,118,HIS,HIS,False,0.7141396753780782,-13.6754227217437,-12.961283046365622,11.421668650808442,4,
A_V11H.pdb,success,A_11H,11,HIS,HIS,False,0.7141396753779645,-13.675422721743985,-12.96128304636602,-3.3297413427842457,4,
A_V18H.pdb,success,A_18H,18,HIS,HIS,False,0.5928788355271308,-12.471726161871118,-11.878847326343987,-5.060160996030163,4,
A_V20H.pdb,success,A_20H,20,HIS,HIS,False,-0.48955688449569834,-12.471726161870095,-12.961283046365793,8.770241091358798,4,
A_V2H.pdb,success,A_2H,2,HIS,HIS,False,0.7141396753783056,-12.592987001723259,-11.878847326344953,-1.383289872690625,4,
A_V37H.pdb,success,A_37H,37,HIS,HIS,False,0.7141396753783056,-12.599141675810245,-11.885002000431939,2.7467826004233302,4,
A_V5H.pdb,success,A_5H,5,HIS,HIS,False,-0.4895568844959257,-12.471726161870095,-12.96128304636602,9.109326766402205,4,
A_V68H.pdb,success,A_68H,68,HIS,HIS,False,0.4880234960443772,-12.471726161870379,-11.983702665826002,-1.1814547960266282,4,
A_V93H.pdb,success,A_93H,93,HIS,HIS,False,0.7526651525677721,-12.592987001723259,-11.840321849155487,4.5577073913269714,4,
A_W105H.pdb,success,A_105H,105,HIS,HIS,False,1.7965753953984631,-14.473733198522893,-12.67715780312443,11.996360837682573,4,
A_W110H.pdb,success,A_110H,110,HIS,HIS,False,1.9178362352505474,-13.675422721743416,-11.757586486492869,6.338174094247847,4,
A_W33H.pdb,success,A_33H,33,HIS,HIS,False,1.9178362352520821,-13.253292660214697,-11.335456424962615,-9.68924757973025,4,
A_W36H.pdb,success,A_36H,36,HIS,HIS,False,0.7785591526557027,-12.657406479000144,-11.878847326344442,-2.3868652870982032,4,
A_W47H.pdb,success,A_47H,47,HIS,HIS,False,0.952397581816399,-11.987278086236529,-11.03488050442013,-1.8034809718213864,4,
A_Y101H.pdb,success,A_101H,101,HIS,HIS,False,0.7141396753776235,-13.217574998326427,-12.503435322948803,11.081626117460473,4,
A_Y104H.pdb,success,A_104H,104,HIS,HIS,False,-0.4895568844954141,-12.471726161870833,-12.961283046366248,0.9839044323376811,4,
A_Y27H.pdb,success,A_27H,27,HIS,HIS,False,0.7141396753780782,-12.592987001722463,-11.878847326344385,1.4443303826097917,4,
A_Y32H.pdb,success,A_32H,32,HIS,HIS,False,0.835400515230333,-12.59242190219527,-11.757021386964936,12.266876076715675,4,
A_Y52H.pdb,success,A_52H,52,HIS,HIS,False,-0.6505233546270119,-12.318424342617618,-12.96894769724463,7.0553419539536435,4,
A_Y60H.pdb,success,A_60H,60,HIS,HIS,False,-0.3038765673653643,-12.657406479000429,-12.961283046365793,-2.0054853858481465,4,
A_Y80H.pdb,success,A_80H,80,HIS,HIS,False,-0.4895568844949594,-12.471726161871004,-12.961283046365963,1.2725141780256308,4,
A_Y94H.pdb,success,A_94H,94,HIS,HIS,False,0.5284593582481989,-12.47172616187055,-11.94326680362235,-8.91844179753059,4,
A_Y95H.pdb,success,A_95H,95,HIS,HIS,False,0.835400515230674,-12.59298700172252,-11.757586486491846,-4.09106804569376,4,
B_A12H.pdb,success,B_12H,132,HIS,HIS,False,1.7965753953988042,-13.675422721743075,-11.878847326344271,-0.7512321910378432,4,
B_A19H.pdb,success,B_19H,139,HIS,HIS,False,0.7141396753789877,-13.675422721743871,-12.961283046364883,6.651195326805464,4,
B_A25H.pdb,success,B_25H,145,HIS,HIS,False,0.7141396753773392,-12.471726161869753,-11.757586486492414,12.60201118732391,4,
B_A54H.pdb,success,B_54H,174,HIS,HIS,False,0.8354005152293666,-12.592987001722122,-11.757586486492755,10.771162775793414,4,
B_A55H.pdb,success,B_55H,175,HIS,HIS,False,1.9014307348816715,-13.780278061226056,-11.878847326344385,1.0092686976728373,4,
B_A64H.pdb,success,B_64H,184,HIS,HIS,False,0.7141396753772824,-12.592987001722292,-11.87884732634501,9.506908807249488,4,
B_A84H.pdb,success,B_84H,204,HIS,HIS,False,1.7965753953993158,-13.675422721744212,-11.878847326344896,2.2743367394668894,4,
B_A88H.pdb,success,B_88H,208,HIS,HIS,False,0.7526651525668626,-12.592987001722747,-11.840321849155885,8.644164464258893,4,
B_C23H.pdb,success,B_23H,143,HIS,HIS,False,-0.30387656736479585,-12.657406479001509,-12.961283046366304,-5.439393038636581,4,
B_C92H.pdb,success,B_92H,212,HIS,HIS,False,0.8354005152307309,-12.592987001722577,-11.757586486491846,-0.45141635508844047,4,
B_D1H.pdb,success,B_1H,121,HIS,HIS,False,0.6763895897421435,-12.59298700172252,-11.916597411980376,3.161227438621154,4,
B_D30H.pdb,success,B_30H,150,HIS,HIS,False,0.7968750380410938,-12.554461524533167,-11.757586486492073,2.7047728745029644,4,
B_D32H.pdb,success,B_32H,152,HIS,HIS,False,0.16470642856705808,-9.315823950009417,-9.151117521442359,-2.9753381400648777,4,
B_D34H.pdb,success,B_34H,154,HIS,HIS,False,0.7526651525675447,-12.592987001723031,-11.840321849155487,11.386689201342847,4,
B_D74H.pdb,success,B_74H,194,HIS,HIS,False,-0.3682960446428183,-12.59298700172269,-12.961283046365509,0.9032560230789386,4,
B_D86H.pdb,success,B_86H,206,HIS,HIS,False,0.7526651525669763,-12.592987001722747,-11.840321849155771,9.682110879462925,4,
B_D98H.pdb,success,B_98H,218,HIS,HIS,False,1.7321559181215775,-12.707789626268436,-10.975633708146859,-0.4976215965350548,4,
B_D9H.pdb,success,B_9H,129,HIS,HIS,False,-0.3682960446423067,-12.592987001723543,-12.96128304636585,-2.349612632791377,4,
B_E109H.pdb,success,B_109H,229,HIS,HIS,False,0.7141396753779077,-12.59298700172269,-11.878847326344783,0.8991272277490907,4,
B_E17H.pdb,success,B_17H,137,HIS,HIS,False,0.63140431271529,-12.471726161870606,-11.840321849155316,7.858219386989504,4,
B_E59H.pdb,success,B_59H,179,HIS,HIS,False,-0.4895568844950162,-12.471726161870492,-12.961283046365509,-2.652876711585577,4,
B_E85H.pdb,success,B_85H,205,HIS,HIS,False,0.5928788355253118,-12.471726161870947,-11.878847326345635,0.41162520701061567,4,
B_E97H.pdb,success,B_97H,217,HIS,HIS,False,0.7141396753781919,-12.434231721517278,-11.720092046139087,3.892520310000009,4,
B_F102H.pdb,success,B_102H,222,HIS,HIS,False,0.714139675378874,-12.592987001723259,-11.878847326344385,-2.456876920459763,4,
B_F66H.pdb,success,B_66H,186,HIS,HIS,False,-0.3682960446412835,-12.592987001723486,-12.96128304636477,-13.499205954876516,4,
B_F75H.pdb,success,B_75H,195,HIS,HIS,False,0.796875038039957,-12.554461524532599,-11.757586486492642,9.569307240977878,4,
B_G103H.pdb,success,B_103H,223,HIS,HIS,False,0.7141396753775666,-12.471726161870208,-11.757586486492642,10.412792353398572,4,
B_G104H.pdb,success,B_104H,224,HIS,HIS,False,-0.3682960446423067,-12.592987001722918,-12.961283046365224,3.841987484409401,4,
B_G105H.pdb,success,B_105H,225,HIS,HIS,False,0.7141396753791014,-13.675422721744269,-12.961283046365168,-13.109965534764456,4,
B_G16H.pdb,success,B_16H,136,HIS,HIS,False,0.7141396753784193,-12.592987001723372,-11.878847326344953,6.481862824065956,4,
B_G33H.pdb,success,B_33H,153,HIS,HIS,False,0.7141396753780214,-13.675422721743871,-12.96128304636585,8.055093061255434,4,
B_G45H.pdb,success,B_45H,165,HIS,HIS,False,0.7141396753792151,-12.471726161870947,-11.757586486491732,-10.923443453841628,4,
B_G61H.pdb,success,B_61H,181,HIS,HIS,False,0.8354005152308446,-12.592987001722634,-11.757586486491789,-1.8936644232475146,4,
B_G68H.pdb,success,B_68H,188,HIS,HIS,False,0.8354005152301056,-12.592987001723031,-11.757586486492926,-2.089114572367521,4,
B_G70H.pdb,success,B_70H,190,HIS,HIS,False,0.5928788355255392,-12.471726161870606,-11.878847326345067,15.26207843655186,4,
B_G72H.pdb,success,B_72H,192,HIS,HIS,False,-0.4895568844951299,-12.47172616187055,-12.96128304636568,-4.698595823309461,4,
B_I110H.pdb,success,B_110H,230,HIS,HIS,False,0.7141396753772256,-13.675422721743132,-12.961283046365907,17.41589573375836,4,
B_I21H.pdb,success,B_21H,141,HIS,HIS,False,1.9178362352515137,-13.675422721744098,-11.757586486492585,-0.183610770278392,4,
B_I2H.pdb,success,B_2H,122,HIS,HIS,False,0.7141396753784761,-12.657406479000315,-11.943266803621839,2.4748535171985395,4,
B_I52H.pdb,success,B_52H,172,HIS,HIS,False,-0.48955688449507306,-12.47172616186998,-12.961283046365054,4.804839303760673,4,
B_I62H.pdb,success,B_62H,182,HIS,HIS,False,0.6314043127154605,-12.471726161871175,-11.840321849155714,-6.195028594964015,4,
B_I79H.pdb,success,B_79H,199,HIS,HIS,False,0.7141396753782487,-13.675422721743814,-12.961283046365565,-0.7222435942222774,4,
B_K107H.pdb,success,B_107H,227,HIS,HIS,False,0.714139675378135,-12.592987001723202,-11.878847326345067,1.4271364640374031,4,
B_K111H.pdb,success,B_111H,231,HIS,HIS,False,0.8623055133926982,-12.554461524532826,-11.692156011140128,2.2412962611255125,4,
B_K24H.pdb,success,B_24H,144,HIS,HIS,False,1.9178362352516842,-13.675422721744269,-11.757586486492585,-9.14354649747645,4,
B_K43H.pdb,success,B_43H,163,HIS,HIS,False,1.8351008725890097,-13.675422721744667,-11.840321849155657,4.1643867510223345,4,
B_K49H.pdb,success,B_49H,169,HIS,HIS,False,-0.48955688449478885,-12.471726161870777,-12.961283046365565,-8.87339932229338,4,
B_L11H.pdb,success,B_11H,131,HIS,HIS,False,0.7141396753773961,-12.592987001722463,-11.878847326345067,8.4592255330233,4,
B_L15H.pdb,success,B_15H,135,HIS,HIS,False,0.7141396753783056,-13.675422721744269,-12.961283046365963,1.6347298099948375,4,
B_L4H.pdb,success,B_4H,124,HIS,HIS,False,0.7141396753791582,-12.471726161871004,-11.757586486491846,-10.28150791579094,4,
B_L50H.pdb,success,B_50H,170,HIS,HIS,False,0.7141396753779645,-13.675422721744098,-12.961283046366134,-5.0874144925035125,4,
B_L51H.pdb,success,B_51H,171,HIS,HIS,False,0.5928788355261645,-12.471726161870436,-11.878847326344271,-9.603042520548797,4,
B_L58H.pdb,success,B_58H,178,HIS,HIS,False,1.796575395399941,-13.675422721744326,-11.878847326344385,-9.5594733681138,4,
B_L77H.pdb,success,B_77H,197,HIS,HIS,False,0.8354005152307309,-12.592987001723202,-11.757586486492471,-4.363822059610584,4,
B_L82H.pdb,success,B_82H,202,HIS,HIS,False,1.9178362352513432,-13.675422721743473,-11.75758648649213,4.884540827407022,4,
B_M37H.pdb,success,B_37H,157,HIS,HIS,False,0.7141396753776803,-12.592987001722292,-11.878847326344612,-1.2752942696987475,4,
B_N38H.pdb,success,B_38H,158,HIS,HIS,False,0.5928788355260508,-12.46556307972071,-11.872684244194659,4.067594739176229,4,
B_N57H.pdb,success,B_57H,177,HIS,HIS,False,0.7141396753775666,-12.592987001722634,-11.878847326345067,10.717072988292557,4,
B_N95H.pdb,success,B_95H,215,HIS,HIS,False,0.8354005152301056,-12.569402724327063,-11.734002209096957,-5.193121656848575,4,
B_P44H.pdb,success,B_44H,164,HIS,HIS,False,0.6497201980993736,-12.592987001722406,-11.943266803623033,13.766306364997604,4,
B_P47H.pdb,success,B_47H,167,HIS,HIS,False,0.835400515230333,-12.592987001722918,-11.757586486492585,9.172380392788796,4,
B_P48H.pdb,success,B_48H,168,HIS,HIS,False,0.6756141981888959,-12.554461524533679,-11.878847326344783,-1.3862629054763147,4,
B_P63H.pdb,success,B_63H,183,HIS,HIS,False,1.7965753953984063,-13.67542272174336,-11.878847326344953,6.614585596521238,4,
B_P8H.pdb,success,B_8H,128,HIS,HIS,False,0.8354005152305035,-12.59298700172343,-11.757586486492926,0.012870978663158894,4,
B_P99H.pdb,success,B_99H,219,HIS,HIS,False,-0.3682960446420793,-12.592987001723316,-12.961283046365395,11.634141960463126,4,
B_Q27H.pdb,success,B_27H,147,HIS,HIS,False,1.7965753953979515,-13.675422721743075,-11.878847326345124,15.076137974472886,4,
B_Q41H.pdb,success,B_41H,161,HIS,HIS,False,0.8998199925082986,-12.65740647900111,-11.757586486492812,-0.5094128634466415,4,
B_Q42H.pdb,success,B_42H,162,HIS,HIS,False,0.5928788355260508,-12.471726161871004,-11.878847326344953,-3.118952265872281,4,
B_Q46H.pdb,success,B_46H,166,HIS,HIS,False,0.7141396753767708,-12.592987001722463,-11.878847326345692,10.456554182985883,4,
B_Q6H.pdb,success,B_6H,126,HIS,HIS,False,-0.3038765673639432,-12.657406479001793,-12.961283046365736,-8.588411092394608,4,
B_Q83H.pdb,success,B_83H,203,HIS,HIS,False,0.5928788355258234,-12.471726161871175,-11.878847326345351,-0.22875394598531784,4,
B_Q93H.pdb,success,B_93H,213,HIS,HIS,False,1.7965753953990884,-13.675422721743132,-11.878847326344044,2.6776898061589236,4,
B_Q94H.pdb,success,B_94H,214,HIS,HIS,False,1.7965753953986905,-13.675422721744042,-11.878847326345351,8.841945172080386,4,
B_R100H.pdb,success,B_100H,220,HIS,HIS,False,0.6361930839755132,-11.290010380360002,-10.653817296384489,-0.6042043307880931,4,
B_R18H.pdb,success,B_18H,138,HIS,HIS,False,0.7141396753778508,-13.675422721744269,-12.961283046366418,-0.3927559511398613,4,
B_R65H.pdb,success,B_65H,185,HIS,HIS,False,-0.36829604464287513,-12.592987001723486,-12.961283046366361,-2.7407800106086597,4,
B_S10H.pdb,success,B_10H,130,HIS,HIS,False,-0.3682960446423067,-12.592987001723145,-12.961283046365452,-3.116378173391354,4,
B_S14H.pdb,success,B_14H,134,HIS,HIS,False,0.5928788355268466,-12.471726161871004,-11.878847326344157,-10.130637535518645,4,
B_S22H.pdb,success,B_22H,142,HIS,HIS,False,1.796575395398861,-13.67542272174353,-11.878847326344669,11.988241710693615,4,
B_S26H.pdb,success,B_26H,146,HIS,HIS,False,0.5928788355265624,-12.471726161871118,-11.878847326344555,-10.257374931700724,4,
B_S28H.pdb,success,B_28H,148,HIS,HIS,False,-0.3682960446424204,-12.592987001723031,-12.961283046365452,-6.02903087620507,4,
B_S35H.pdb,success,B_35H,155,HIS,HIS,False,-0.3682960446420793,-12.592987001722975,-12.961283046365054,-2.4411817119570287,4,
B_S56H.pdb,success,B_56H,176,HIS,HIS,False,0.7141396753789309,-13.675422721744553,-12.961283046365622,-1.174147844711456,4,
B_S60H.pdb,success,B_60H,180,HIS,HIS,False,1.7965753953995431,-13.675422721743814,-11.878847326344271,-12.502876940071587,4,
B_S67H.pdb,success,B_67H,187,HIS,HIS,False,0.8354005152295372,-12.59298700172235,-11.757586486492812,10.549713603195414,4,
B_S69H.pdb,success,B_69H,189,HIS,HIS,False,0.5928788355244592,-12.471726161870038,-11.878847326345578,11.0682570846825,4,
B_S71H.pdb,success,B_71H,191,HIS,HIS,False,1.7965753953990315,-13.675422721743189,-11.878847326344157,1.9191729201552334,4,
B_S7H.pdb,success,B_7H,127,HIS,HIS,False,-0.4895568844941067,-12.471726161871004,-12.96128304636511,-8.988931270777925,4,
B_S80H.pdb,success,B_80H,200,HIS,HIS,False,0.8354005152297646,-12.592987001722577,-11.757586486492812,10.751840997946488,4,
B_S81H.pdb,success,B_81H,201,HIS,HIS,False,-0.3682960446437278,-12.592987001722406,-12.961283046366134,17.653991131428484,4,
B_T101H.pdb,success,B_101H,221,HIS,HIS,False,0.8575204920501278,-12.69784234120516,-11.840321849155032,11.6483280575261,4,
B_T106H.pdb,success,B_106H,226,HIS,HIS,False,0.6756141981871338,-12.554461524532485,-11.878847326345351,10.856901378863995,4,
B_T20H.pdb,success,B_20H,140,HIS,HIS,False,-0.36829604464287513,-12.592987001723202,-12.961283046366077,-1.309270417058201,4,
B_T5H.pdb,success,B_5H,125,HIS,HIS,False,1.7965753953978378,-13.675422721743018,-11.87884732634518,15.088858224697447,4,
B_T73H.pdb,success,B_73H,193,HIS,HIS,False,-0.36829604464287513,-12.592987001723088,-12.961283046365963,5.4732400527332175,4,
B_T76H.pdb,success,B_76H,196,HIS,HIS,False,-0.4895568844949594,-12.471726161870095,-12.961283046365054,1.4254530731742534,4,
B_T78H.pdb,success,B_78H,198,HIS,HIS,False,0.7141396753786466,-12.592987001722804,-11.878847326344157,-10.001966545847722,4,
B_V108H.pdb,success,B_108H,228,HIS,HIS,False,0.7141396753777371,-13.675422721743473,-12.961283046365736,0.6037331545211373,4,
B_V13H.pdb,success,B_13H,133,HIS,HIS,False,1.7965753953998274,-13.675422721743985,-11.878847326344157,-9.551287844189801,4,
B_V29H.pdb,success,B_29H,149,HIS,HIS,False,0.7968750380404117,-12.554461524532655,-11.757586486492244,2.8890943301564675,4,
B_V3H.pdb,success,B_3H,123,HIS,HIS,False,0.5928788355263919,-12.471726161870777,-11.878847326344385,-11.521396689649805,4,
B_V87H.pdb,success,B_87H,207,HIS,HIS,False,1.7965753953984631,-13.675422721743928,-11.878847326345465,-0.12768462547251147,4,
B_V89H.pdb,success,B_89H,209,HIS,HIS,False,0.6756141981880432,-12.554461524533508,-11.878847326345465,-0.8121967570450579,4,
B_W39H.pdb,success,B_39H,159,HIS,HIS,False,1.835100872589578,-13.675422721744383,-11.840321849154805,-0.10282111823744344,4,
B_Y31H.pdb,success,B_31H,151,HIS,HIS,False,1.8337339175029115,-13.938592964435486,-12.104859046932575,13.470751546814995,4,
B_Y36H.pdb,success,B_36H,156,HIS,HIS,False,0.7141396753772824,-12.470985115084147,-11.756845439706865,3.4587031912226394,4,
B_Y40H.pdb,success,B_40H,160,HIS,HIS,False,0.835400515229594,-12.592987001723031,-11.757586486493437,7.273863283522701,4,
B_Y53H.pdb,success,B_53H,173,HIS,HIS,False,-0.4895568844959257,-12.471726161870436,-12.961283046366361,2.8624486094051917,4,
B_Y90H.pdb,success,B_90H,210,HIS,HIS,False,0.7141396753776803,-13.67542272174353,-12.96128304636585,7.621533672022792,4,
B_Y91H.pdb,success,B_91H,211,HIS,HIS,False,-0.3682960446419088,-12.592987001723486,-12.961283046365395,-13.614435175217977,4,
