pdb_name,status,dddG_elec,ddG_elec_pH7,ddG_elec_pH5,delta_E_complex,n_his,error
A_A104H.pdb,success,-0.0051527633041814624,-17.312478424866867,-17.31763118817105,-0.12590653055042367,2,
A_A106H.pdb,success,-3.410605131648481e-13,-16.529038373911533,-16.529038373911874,-5.780230656980677,2,
A_A23H.pdb,success,3.410605131648481e-13,-15.387721500217708,-15.387721500217367,-6.167808185290596,2,
A_A24H.pdb,success,1.7053025658242404e-13,-15.38772150021748,-15.38772150021731,1.3301839489784584,2,
A_A33H.pdb,success,-0.1156706903907434,-15.235327520942917,-15.35099821133366,1.4589322976215158,2,
A_A40H.pdb,success,1.7053025658242404e-13,-15.387721500217822,-15.387721500217651,-1.789179305581058,2,
A_A49H.pdb,success,1.1368683772161603e-13,-15.387721500217538,-15.387721500217424,-5.909937768643999,2,
A_A61H.pdb,success,1.7053025658242404e-13,-15.9344909255488,-15.93449092554863,5.983462970809796,2,
A_A88H.pdb,success,-1.1368683772161603e-13,-15.387721500217197,-15.38772150021731,0.518355301563588,2,
A_A92H.pdb,success,0.02920106219818308,-15.387721500217424,-15.35852043801924,0.3563591640630648,2,
A_A98H.pdb,success,0.0,-15.387721500217367,-15.387721500217367,0.7897000582546525,2,
A_C22H.pdb,success,0.11567069039136868,-15.503392190608906,-15.387721500217538,-6.636532093043911,2,
A_C96H.pdb,success,1.1368683772161603e-13,-15.387721500217708,-15.387721500217594,2.0427680591193393,2,
A_D110H.pdb,success,6.252776074688882e-13,-12.775752000426394,-12.775752000425769,-4.593423340121092,2,
A_D62H.pdb,success,-2.2737367544323206e-13,-15.415362673662855,-15.415362673663083,0.5194878759664903,2,
A_D73H.pdb,success,0.11567069039136868,-15.503392190608736,-15.387721500217367,-2.7037072709804875,2,
A_D90H.pdb,success,-2.8421709430404007e-13,-15.387721500217424,-15.387721500217708,4.338805716557829,2,
A_D99H.pdb,success,0.1089887258722797,-15.794875593004178,-15.685886867131899,-6.891681718668053,2,
A_E108H.pdb,success,-5.684341886080801e-13,-8.825246689890832,-8.8252466898914,6.046475835453748,2,
A_E1H.pdb,success,-0.27012204047679234,-15.387721500217538,-15.65784354069433,3.390806184597352,2,
A_E46H.pdb,success,5.684341886080802e-14,-15.454761517698387,-15.45476151769833,0.8671359671692471,2,
A_E6H.pdb,success,0.11567069039097078,-15.503392190608565,-15.387721500217594,0.31320094276344435,2,
A_E89H.pdb,success,5.684341886080802e-14,-15.387721500217253,-15.387721500217197,-2.6614711966062714,2,
A_F29H.pdb,success,-5.684341886080802e-14,-15.38772150021731,-15.387721500217367,-1.672711636311817,2,
A_F37H.pdb,success,2.2737367544323206e-13,-15.465140984180493,-15.465140984180266,7.757964852369241,2,
A_F47H.pdb,success,-5.644707438835269,-9.592604424972649,-15.237311863807918,-5.615039853610654,2,
A_F68H.pdb,success,-0.11567069039108446,-15.387721500217594,-15.503392190608679,-3.8723240615821624,2,
A_G102H.pdb,success,0.8583289254032707,-16.573348493046467,-15.715019567643196,6.778569774140124,2,
A_G109H.pdb,success,-3.979039320256561e-13,-15.379949315236274,-15.379949315236672,0.18718531900242397,2,
A_G10H.pdb,success,-2.2737367544323206e-13,-15.387721500217253,-15.38772150021748,1.60737495383961,2,
A_G113H.pdb,success,-0.029201062198296768,-15.35852043801924,-15.387721500217538,-3.300549140570979,2,
A_G115H.pdb,success,-5.684341886080802e-14,-15.38772150021731,-15.387721500217367,-4.846589751684746,2,
A_G15H.pdb,success,-0.11567069039108446,-15.387721500217651,-15.503392190608736,-6.587595438260337,2,
A_G16H.pdb,success,-5.684341886080802e-14,-15.387721500217367,-15.387721500217424,1.2226503916714933,2,
A_G26H.pdb,success,5.684341886080802e-14,-15.387721500217424,-15.387721500217367,7.24632273323931,2,
A_G42H.pdb,success,-5.684341886080802e-14,-15.38772150021731,-15.387721500217367,-5.996321086042542,2,
A_G44H.pdb,success,-4.547473508864641e-13,-15.495300982108688,-15.495300982109143,-5.941107950334754,2,
A_G50H.pdb,success,0.1156706903911413,-15.487382869437965,-15.371712179046824,4.516541439324499,2,
A_G53H.pdb,success,-2.2737367544323206e-13,-15.262814905109849,-15.262814905110076,-0.04901957627401998,2,
A_G55H.pdb,success,-2.8421709430404007e-13,-15.387721500217708,-15.387721500217992,0.21600039479045563,2,
A_G56H.pdb,success,-0.10054364786930137,-15.408410985687283,-15.508954633556584,1.6879484187241474,2,
A_G66H.pdb,success,3.410605131648481e-13,-15.387721500217822,-15.38772150021748,-1.6128456174859593,2,
A_G8H.pdb,success,1.7053025658242404e-13,-15.387721500217651,-15.38772150021748,1.3859717588809986,2,
A_G9H.pdb,success,-2.8421709430404007e-13,-15.387721500217538,-15.387721500217822,5.943510051111332,2,
A_I51H.pdb,success,2.2737367544323206e-13,-15.387721500217253,-15.387721500217026,-0.32468325961701794,2,
A_I70H.pdb,success,5.115907697472721e-13,-15.38772150021805,-15.387721500217538,-0.19721895972907078,2,
A_K43H.pdb,success,2.2737367544323206e-13,-15.38772150021748,-15.387721500217253,1.975828291525886,2,
A_K65H.pdb,success,-2.2737367544323206e-13,-15.38772150021731,-15.387721500217538,-0.5925304905542248,2,
A_K76H.pdb,success,2.2737367544323206e-13,-15.38772150021748,-15.387721500217253,-6.625210781332555,2,
A_L117H.pdb,success,0.11567069039142552,-15.503392190608565,-15.38772150021714,-1.507621735029602,2,
A_L11H.pdb,success,4.547473508864641e-13,-15.387721500217765,-15.38772150021731,1.531126770141384,2,
A_L18H.pdb,success,5.684341886080802e-14,-15.38772150021748,-15.387721500217424,1.2670830879245614,2,
A_L20H.pdb,success,-5.684341886080802e-14,-15.38772150021748,-15.387721500217538,-7.513245732287203,2,
A_L45H.pdb,success,1.1368683772161603e-13,-15.401689937984884,-15.40168993798477,1.4078997485629543,2,
A_L4H.pdb,success,5.684341886080802e-14,-15.387721500217594,-15.387721500217538,1.0439195929498624,2,
A_L79H.pdb,success,-0.11567069039102762,-15.387721500217538,-15.503392190608565,1.1254419229730956,2,
A_L81H.pdb,success,-0.1156706903907434,-15.387721500217935,-15.503392190608679,6.075087569345953,2,
A_L86H.pdb,success,-1.1368683772161603e-13,-15.387721500217367,-15.38772150021748,2.0463120878710015,2,
A_M34H.pdb,success,-0.11567069039097078,-15.38772150021748,-15.503392190608452,3.7564946887143833,2,
A_M83H.pdb,success,0.1156706903911413,-15.503392190608565,-15.387721500217424,-0.1762695038187303,2,
A_N52H.pdb,success,0.0,-15.28111266160704,-15.28111266160704,-0.6850143644373361,2,
A_N54H.pdb,success,1.7053025658242404e-13,-15.382958643868506,-15.382958643868335,0.9528361195989987,2,
A_N74H.pdb,success,4.547473508864641e-13,-15.387721500217822,-15.387721500217367,0.7398283321360282,2,
A_N77H.pdb,success,3.410605131648481e-13,-15.387721500217538,-15.387721500217197,-0.18143772794451252,2,
A_N84H.pdb,success,0.0,-15.38772150021748,-15.38772150021748,5.20518121592562,2,
A_N97H.pdb,success,-1.7053025658242404e-13,-9.593526487090173,-9.593526487090344,-5.151050058658598,2,
A_P14H.pdb,success,0.11567069039085709,-15.503392190608565,-15.387721500217708,-1.4545183987013957,2,
A_P41H.pdb,success,-1.1368683772161603e-13,-15.387721500217424,-15.387721500217538,1.3527445483041447,2,
A_Q100H.pdb,success,2.8421709430404007e-13,-15.425371608766909,-15.425371608766625,0.9077500067805886,2,
A_Q114H.pdb,success,-0.11567069039091393,-15.387721500217424,-15.503392190608338,-6.27733172705382,2,
A_Q13H.pdb,success,5.684341886080802e-14,-15.387721500217708,-15.387721500217651,-0.5757234485383265,2,
A_Q39H.pdb,success,-5.825406098336543,-9.560083423285278,-15.385489521621821,-7.048532376622404,2,
A_Q3H.pdb,success,5.684341886080802e-14,-15.387721500217424,-15.387721500217367,-4.568190291479141,2,
A_Q82H.pdb,success,-5.789579191424934,-9.598142308792717,-15.387721500217651,-7.559810125853232,2,
A_R101H.pdb,success,-2.8421709430404007e-13,-15.376505986912377,-15.376505986912662,-5.254005187152245,2,
A_R19H.pdb,success,-1.7053025658242404e-13,-15.387721500217594,-15.387721500217765,1.816902949504879,2,
A_R27H.pdb,success,-2.8421709430404007e-13,-15.387721500217594,-15.387721500217879,0.18824427248813436,2,
A_R38H.pdb,success,-0.11567069039085709,-15.396426900644315,-15.512097591035172,0.7464303633576037,2,
A_R67H.pdb,success,-2.2737367544323206e-13,-15.387721500217424,-15.387721500217651,5.962305839783369,2,
A_R72H.pdb,success,0.029201062198296768,-15.387721500217538,-15.35852043801924,-0.42896584849171404,2,
A_R87H.pdb,success,-2.2737367544323206e-13,-15.387721500217538,-15.387721500217765,3.942764332811578,2,
A_S121H.pdb,success,5.684341886080802e-14,-15.387721500217651,-15.387721500217594,8.343411584194712,2,
A_S122H.pdb,success,-2.058538951280809,-15.38772150021748,-17.44626045149829,5.238589388306536,2,
A_S17H.pdb,success,-1.7053025658242404e-13,-15.38772150021748,-15.387721500217651,0.5061084259260156,2,
A_S21H.pdb,success,-5.684341886080802e-14,-15.387721500217708,-15.387721500217765,-5.4331767961950845,2,
A_S25H.pdb,success,0.11567069039068656,-15.503392190608395,-15.387721500217708,4.591351851521495,2,
A_S30H.pdb,success,-2.8421709430404007e-13,-15.387721500217538,-15.387721500217822,1.4647593827530159,2,
A_S31H.pdb,success,2.2737367544323206e-13,-15.387721500217708,-15.38772150021748,-6.416219192080632,2,
A_S35H.pdb,success,5.712568687832572,-15.345579227653673,-9.6330105398211,5.239768962646679,2,
A_S57H.pdb,success,-2.8421709430404007e-13,-15.671025264575007,-15.671025264575292,-5.630991095237107,2,
A_S63H.pdb,success,6.821210263296962e-13,-15.437638526607941,-15.437638526607259,-0.890204042308028,2,
A_S71H.pdb,success,0.0,-15.38772150021731,-15.38772150021731,6.407847059378867,2,
A_S75H.pdb,success,1.7053025658242404e-13,-15.387721500217367,-15.387721500217197,0.1524595891215199,2,
A_S7H.pdb,success,5.684341886080802e-14,-15.387721500217424,-15.387721500217367,-1.0843887308595868,2,
A_S85H.pdb,success,-3.410605131648481e-13,-15.387721500217367,-15.387721500217708,0.7375370676934381,2,
A_T116H.pdb,success,-5.684341886080802e-14,-15.387721500217253,-15.38772150021731,-3.1648152398680054,2,
A_T119H.pdb,success,-0.11567069039085709,-15.38772150021748,-15.503392190608338,0.2988740971862853,2,
A_T28H.pdb,success,-1.7053025658242404e-13,-15.387721500217538,-15.387721500217708,-1.0061237840788522,2,
A_T58H.pdb,success,-1.1368683772161603e-13,-15.387721500217594,-15.387721500217708,1.1486097120938439,2,
A_T69H.pdb,success,-4.547473508864641e-13,-15.387721500217197,-15.387721500217651,-0.06314473006375465,2,
A_T78H.pdb,success,1.1368683772161603e-13,-15.387721500217594,-15.38772150021748,1.3510064856748158,2,
A_T91H.pdb,success,-5.684341886080802e-14,-15.38772150021731,-15.387721500217367,-0.15262503999787214,2,
A_V105H.pdb,success,1.7053025658242404e-13,-15.413247275467882,-15.413247275467711,0.523736038114123,2,
A_V107H.pdb,success,2.8421709430404007e-13,-16.913137794271563,-16.91313779427128,-6.857409075969656,2,
A_V118H.pdb,success,3.979039320256561e-13,-15.387721500217708,-15.38772150021731,-0.6838216861143565,2,
A_V120H.pdb,success,-0.11567069039102762,-15.387721500217538,-15.503392190608565,-0.9795267633712683,2,
A_V12H.pdb,success,-2.2737367544323206e-13,-15.38772150021731,-15.387721500217538,-2.83178219050302,2,
A_V2H.pdb,success,2.8421709430404007e-13,-15.387721500217822,-15.387721500217538,-0.14889843341381948,2,
A_V48H.pdb,success,-0.11567069039080025,-15.38772150021748,-15.503392190608281,-5.974845600647825,2,
A_V5H.pdb,success,2.2737367544323206e-13,-15.387721500217538,-15.38772150021731,-0.1350007182122681,2,
A_V64H.pdb,success,0.11567069039148237,-15.560201846719394,-15.444531156327912,1.4461491495939072,2,
A_V93H.pdb,success,1.1368683772161603e-13,-15.38772150021748,-15.387721500217367,2.2973839030378826,2,
A_W103H.pdb,success,5.684341886080802e-14,-15.720192602033308,-15.72019260203325,-6.184451084384591,2,
A_W112H.pdb,success,-0.11567069039142552,-15.02915622490491,-15.144826915296335,0.7859152237573994,2,
A_W36H.pdb,success,-0.11567069039136868,-15.387721500217367,-15.503392190608736,5.831940821957517,2,
A_Y111H.pdb,success,-1.7053025658242404e-13,-15.387721500217367,-15.387721500217538,6.45426023004751,2,
A_Y32H.pdb,success,-0.11567069039091393,-15.387721500217708,-15.503392190608622,-4.9221730043186085,2,
A_Y59H.pdb,success,-2.8421709430404007e-13,-15.465570676333584,-15.465570676333869,-1.525989374055996,2,
A_Y60H.pdb,success,2.8421709430404007e-13,-15.387721500217651,-15.387721500217367,-0.7917151514490683,2,
A_Y80H.pdb,success,-1.1368683772161603e-13,-15.387721500217822,-15.387721500217935,2.443244507176132,2,
A_Y94H.pdb,success,1.7053025658242404e-13,-15.387721500217424,-15.387721500217253,5.855033233260485,2,
A_Y95H.pdb,success,1.1368683772161603e-13,-15.387721500217651,-15.387721500217538,-1.4466787485127952,2,
